,Species,Image1,Image2,Image3,Image4,Image5,Image6
0,Fringilla coelebs,https://live.staticflickr.com/65535/49806314051_8aab4a19e4.jpg,https://live.staticflickr.com/65535/49806598572_3cb01e14e3.jpg,https://live.staticflickr.com/65535/49806494577_6b624aa264.jpg,https://live.staticflickr.com/65535/49806494552_229b70064a.jpg,https://live.staticflickr.com/65535/49806042871_fdacc32688.jpg,https://live.staticflickr.com/65535/49805144928_f971223625.jpg
1,Parus major,https://live.staticflickr.com/65535/49806847022_8d171597c3.jpg,https://live.staticflickr.com/65535/49806829782_ecb2bdbf4e.jpg,https://live.staticflickr.com/65535/49806599837_c9d29e49a4.jpg,https://live.staticflickr.com/65535/49806518952_5c9efe7e31.jpg,https://live.staticflickr.com/65535/49806518537_7462a74230.jpg,https://live.staticflickr.com/65535/49805627498_c2b256db56.jpg
2,Turdus merula,https://live.staticflickr.com/65535/49806510181_4ac2389d7f.jpg,https://live.staticflickr.com/65535/49806464276_6c292f9945.jpg,https://live.staticflickr.com/65535/49805828688_600e128610.jpg,https://live.staticflickr.com/65535/49805664443_ba4714c105.jpg,https://live.staticflickr.com/65535/49806318882_4bdb27ba87.jpg,https://live.staticflickr.com/65535/49805714947_422c4a1a4a.jpg
3,Turdus philomelos,https://live.staticflickr.com/65535/49806821022_961853991e.jpg,https://live.staticflickr.com/65535/49805768066_8a7feb7209.jpg,https://live.staticflickr.com/65535/49805740496_0bc717dc6d.jpg,https://live.staticflickr.com/65535/49805200903_d1ab4b9608.jpg,https://live.staticflickr.com/65535/49804919453_47d29800ed.jpg,https://live.staticflickr.com/65535/49805261026_f618035afe.jpg
4,Sylvia communis,https://live.staticflickr.com/65535/49805946848_4f89b109a2.jpg,https://live.staticflickr.com/65535/49806812057_7a7f94df11.jpg,https://live.staticflickr.com/65535/49806811932_2011634f40.jpg,https://live.staticflickr.com/65535/49806427052_5fb9caa116.jpg,https://live.staticflickr.com/65535/49806406352_a4d127f431.jpg,https://live.staticflickr.com/65535/49805192021_829144d722.jpg
5,Emberiza citrinella,https://live.staticflickr.com/65535/49805321393_1362df3f78.jpg,https://live.staticflickr.com/65535/49805072396_680791e282.jpg,https://live.staticflickr.com/65535/49802769106_eeacfc1323.jpg,https://live.staticflickr.com/65535/49802560781_655bdd2623.jpg,https://live.staticflickr.com/65535/49801924648_ee5f215d85.jpg,https://live.staticflickr.com/65535/49804392933_10e1806bf0.jpg
6,Sylvia atricapilla,https://live.staticflickr.com/65535/49806028323_202d07335c.jpg,https://live.staticflickr.com/65535/49805563048_1f4cc615be.jpg,https://live.staticflickr.com/65535/49802594438_7082e451fa.jpg,https://live.staticflickr.com/65535/49802594158_413996361b.jpg,https://live.staticflickr.com/65535/49803201952_5ed5474f2b.jpg,https://live.staticflickr.com/65535/49803146261_a3f7b7bb3d.jpg
7,Emberiza calandra,https://live.staticflickr.com/65535/49804639163_bcdf0ec5d2.jpg,https://live.staticflickr.com/65535/49802196406_3669c7d955.jpg,https://live.staticflickr.com/65535/49799166107_23fa99a4d2.jpg,https://live.staticflickr.com/65535/49796783391_3674ece5d8.jpg,https://live.staticflickr.com/65535/49796956847_2aae326909.jpg,https://live.staticflickr.com/65535/49796366556_a904f67abd.jpg
8,Phylloscopus trochilus,https://live.staticflickr.com/65535/49805258541_95b0ff0c5e.jpg,https://live.staticflickr.com/65535/49805246576_9fd517b744.jpg,https://live.staticflickr.com/65535/49805072871_4427dac025.jpg,https://live.staticflickr.com/65535/49805072681_ae22ab4f43.jpg,https://live.staticflickr.com/65535/49805380527_0a8b06401f.jpg,https://live.staticflickr.com/65535/49804964386_715b98c4fa.jpg
9,Luscinia megarhynchos,https://live.staticflickr.com/65535/49803073971_e773a0ef3b.jpg,https://live.staticflickr.com/65535/49803378617_28111b4966.jpg,https://live.staticflickr.com/65535/49802842961_9bea147db1.jpg,https://live.staticflickr.com/65535/49801622611_019be8c001.jpg,https://live.staticflickr.com/65535/49804996258_4f32378fe7.jpg,https://live.staticflickr.com/65535/49805552881_cbe6096b97.jpg
10,Strix aluco,https://live.staticflickr.com/65535/49805589128_45884796e2.jpg,https://live.staticflickr.com/65535/49806456022_3e6bb384ba.jpg,https://live.staticflickr.com/65535/49806162697_a92906c007.jpg,https://live.staticflickr.com/65535/49805853441_97f73dfcc3.jpg,https://live.staticflickr.com/65535/49798855711_23947bc3ee.jpg,https://live.staticflickr.com/65535/49799160477_b96e90dabe.jpg
11,Phylloscopus collybita,https://live.staticflickr.com/65535/49806142503_c42934fb8e.jpg,https://live.staticflickr.com/65535/49806389977_7646909532.jpg,https://live.staticflickr.com/65535/49804675281_2c211c4ca3.jpg,https://live.staticflickr.com/65535/49806001667_ae5ef82ea5.jpg,https://live.staticflickr.com/65535/49805693046_9871baf2c3.jpg,https://live.staticflickr.com/65535/49804886606_8c148ac75e.jpg
12,Carduelis carduelis,https://live.staticflickr.com/65535/49806013783_b1580cac7a.jpg,https://live.staticflickr.com/65535/49805980768_ef29333015.jpg,https://live.staticflickr.com/65535/49805940888_fbb5953714.jpg,https://live.staticflickr.com/65535/49805897788_d66dcbf7c9.jpg,https://live.staticflickr.com/65535/49806739987_4d2b627700.jpg,https://live.staticflickr.com/65535/49806740007_bb2ef00d68.jpg
13,Erithacus rubecula,https://live.staticflickr.com/65535/49805843751_2c55e5e579.jpg,https://live.staticflickr.com/65535/49805629876_a19cf72ca7.jpg,https://live.staticflickr.com/65535/49805879757_18a19f0858.jpg,https://live.staticflickr.com/65535/49804212448_16bc79d9c3.jpg,https://live.staticflickr.com/65535/49804667312_e01045d164.jpg,https://live.staticflickr.com/65535/49804353213_b5b45ecd77.jpg
14,Chloris chloris,https://live.staticflickr.com/65535/49805185878_cab27a1007.jpg,https://live.staticflickr.com/65535/49806120317_0d9bb298b6.jpg,https://live.staticflickr.com/65535/49804948961_899ebc260c.jpg,https://live.staticflickr.com/65535/49804874031_30656a027c.jpg,https://live.staticflickr.com/65535/49804729711_2a74cb9d52.jpg,https://live.staticflickr.com/65535/49804938542_5f4b424662.jpg
15,Sylvia borin,https://live.staticflickr.com/65535/49802260058_a9fed6c216.jpg,https://live.staticflickr.com/65535/49613384243_5a03503453.jpg,https://live.staticflickr.com/65535/49614159822_c7e27ac634.jpg,https://live.staticflickr.com/65535/49738354467_fd323d0cc1.jpg,https://live.staticflickr.com/65535/49710627747_fb27eed0dc.jpg,https://live.staticflickr.com/65535/49591757766_3d2544707a.jpg
16,Acrocephalus arundinaceus,https://live.staticflickr.com/65535/49787435718_7baabf6e19.jpg,https://live.staticflickr.com/65535/49723974382_eedf596bb2.jpg,https://live.staticflickr.com/65535/49699570333_91afbdc483.jpg,https://live.staticflickr.com/65535/49681908863_5f38f9efd8.jpg,https://live.staticflickr.com/65535/49646715538_b0f2597fd4.jpg,https://live.staticflickr.com/65535/49627232027_e2c85b78d2.jpg
17,Acrocephalus dumetorum,https://live.staticflickr.com/65535/49703337383_fc14a3dca7.jpg,https://live.staticflickr.com/65535/49703337353_4ff1b5f757.jpg,https://live.staticflickr.com/65535/49783590191_e870447a28.jpg,https://live.staticflickr.com/65535/49683321712_69ddca30c8.jpg,https://live.staticflickr.com/65535/49638538498_0fb7e9f18f.jpg,https://live.staticflickr.com/65535/49476863991_1f4184055e.jpg
18,Oriolus oriolus,https://live.staticflickr.com/65535/49802728971_4815f1b9df.jpg,https://live.staticflickr.com/65535/49802753142_077b93430f.jpg,https://live.staticflickr.com/65535/49802687997_2c813fbbf4.jpg,https://live.staticflickr.com/65535/49802157082_095a76e7d5.jpg,https://live.staticflickr.com/65535/49801300683_3483d64298.jpg,https://live.staticflickr.com/65535/49802156987_81647e972c.jpg
19,Troglodytes troglodytes,https://live.staticflickr.com/65535/49807055687_afd8d31f07.jpg,https://live.staticflickr.com/65535/49805707478_e9005432d5.jpg,https://live.staticflickr.com/65535/49806181021_cd28dc8cdc.jpg,https://live.staticflickr.com/65535/49805520448_2d53d061e2.jpg,https://live.staticflickr.com/65535/49805557371_3c32dcb943.jpg,https://live.staticflickr.com/65535/49805739632_87d2630c18.jpg
20,Bubo bubo,https://live.staticflickr.com/65535/49806113966_afec75f99a.jpg,https://live.staticflickr.com/65535/49805887251_2343cf5c4a.jpg,https://live.staticflickr.com/65535/49805331168_0f160b05d4.jpg,https://live.staticflickr.com/65535/49805875736_fbd0bf3848.jpg,https://live.staticflickr.com/65535/49805875651_9338b38499.jpg,https://live.staticflickr.com/65535/49804063768_df7e93bdfd.jpg
21,Ficedula parva,https://live.staticflickr.com/65535/49715944886_56b7cd75a7.jpg,https://live.staticflickr.com/65535/49615230492_a42e091744.jpg,https://live.staticflickr.com/65535/49615229642_7dd26fa0a8.jpg,https://live.staticflickr.com/65535/49508902238_02a5358025.jpg,https://live.staticflickr.com/65535/49557080171_55381666b7.jpg,https://live.staticflickr.com/65535/49529663466_44caf99845.jpg
22,Linaria cannabina,https://live.staticflickr.com/65535/49805570336_fa4eca12f3.jpg,https://live.staticflickr.com/65535/49805045636_c6bf422568.jpg,https://live.staticflickr.com/65535/49803008326_735847503b.jpg,https://live.staticflickr.com/65535/49803008186_78a98fde73.jpg,https://live.staticflickr.com/65535/49803099817_8e67d50b82.jpg,https://live.staticflickr.com/65535/49802120273_3cea6214a9.jpg
23,Luscinia svecica,https://live.staticflickr.com/65535/49806748447_1df31fbc40.jpg,https://live.staticflickr.com/65535/49806748422_52c95a8c32.jpg,https://live.staticflickr.com/65535/49805883143_311ed859de.jpg,https://live.staticflickr.com/65535/49806435381_c92fcfe8c5.jpg,https://live.staticflickr.com/65535/49806748352_c785e66797.jpg,https://live.staticflickr.com/65535/49806748322_25b3a741f8.jpg
24,Alauda arvensis,https://live.staticflickr.com/65535/49806809412_c11ee1fd74.jpg,https://live.staticflickr.com/65535/49806476216_1c062a68f3.jpg,https://live.staticflickr.com/65535/49805782913_60d4103af0.jpg,https://live.staticflickr.com/65535/49805782868_e87920faaa.jpg,https://live.staticflickr.com/65535/49805627133_d92a6af657.jpg,https://live.staticflickr.com/65535/49805479012_c86c07b3a1.jpg
25,Luscinia luscinia,https://live.staticflickr.com/65535/49806748447_1df31fbc40.jpg,https://live.staticflickr.com/65535/49806748422_52c95a8c32.jpg,https://live.staticflickr.com/65535/49805883143_311ed859de.jpg,https://live.staticflickr.com/65535/49806435381_c92fcfe8c5.jpg,https://live.staticflickr.com/65535/49806748352_c785e66797.jpg,https://live.staticflickr.com/65535/49806748322_25b3a741f8.jpg
26,Phoenicurus phoenicurus,https://live.staticflickr.com/65535/49806018013_7618aa5ddb.jpg,https://live.staticflickr.com/65535/49806467592_3a50628024.jpg,https://live.staticflickr.com/65535/49806146131_e2ebed7779.jpg,https://live.staticflickr.com/65535/49805897207_ce31842e85.jpg,https://live.staticflickr.com/65535/49805430986_53f2cdd971.jpg,https://live.staticflickr.com/65535/49804517423_345458c059.jpg
27,Aegolius funereus,https://live.staticflickr.com/65535/49756672603_f3615fcc40.jpg,https://live.staticflickr.com/65535/49753336897_3c825b02ab.jpg,https://live.staticflickr.com/65535/49730300142_ddf577445a.jpg,https://live.staticflickr.com/65535/49706941673_89cee5f1f6.jpg,https://live.staticflickr.com/65535/49701605188_5c007d2d10.jpg,https://live.staticflickr.com/65535/49787981117_f2d7488f5f.jpg
28,Cyanistes caeruleus,https://live.staticflickr.com/65535/49806534321_fc09d7e796.jpg,https://live.staticflickr.com/65535/49805804101_a991f80c68.jpg,https://live.staticflickr.com/65535/49805249866_92f6c0b610.jpg,https://live.staticflickr.com/65535/49804419863_60ca6f91ec.jpg,https://live.staticflickr.com/65535/49804419583_3fb6ed5da6.jpg,https://live.staticflickr.com/65535/49805283792_425be0bae4.jpg
29,Hirundo rustica,https://live.staticflickr.com/65535/49806745511_e6936d03d1.jpg,https://live.staticflickr.com/65535/49806712001_284d17943f.jpg,https://live.staticflickr.com/65535/49806602751_6aec74e8ee.jpg,https://live.staticflickr.com/65535/49806882432_64d3c03809.jpg,https://live.staticflickr.com/65535/49806879042_652a936c71.jpg,https://live.staticflickr.com/65535/49806793882_52d837d2b2.jpg
30,Emberiza cirlus,https://live.staticflickr.com/65535/49801324033_eb6b560e56.jpg,https://live.staticflickr.com/65535/49792602371_eecf57be5c.jpg,https://live.staticflickr.com/65535/49787967811_5e04004cab.jpg,https://live.staticflickr.com/65535/49792907507_4c6f243334.jpg,https://live.staticflickr.com/65535/49788107141_24e0867b1d.jpg,https://live.staticflickr.com/65535/49785971482_eef703b89c.jpg
31,Locustella naevia,https://live.staticflickr.com/65535/49787720496_6631c6da26.jpg,https://live.staticflickr.com/65535/49767525083_645e8aa024.jpg,https://live.staticflickr.com/65535/49766189167_f0d3e6f04f.jpg,https://live.staticflickr.com/65535/49765328518_984ee809a6.jpg,https://live.staticflickr.com/65535/49765328328_84e945616a.jpg,https://live.staticflickr.com/65535/49766188552_8ea1a3d134.jpg
32,Cuculus canorus,https://live.staticflickr.com/65535/49806725831_7c0440b649.jpg,https://live.staticflickr.com/65535/49801345628_6b2ea82e8a.jpg,https://live.staticflickr.com/65535/49801460092_927e1a049f.jpg,https://live.staticflickr.com/65535/49793063133_f6bf8128c0.jpg,https://live.staticflickr.com/65535/49793058118_3daf8c94c3.jpg,https://live.staticflickr.com/65535/49798486171_17cde3a435.jpg
33,Sylvia curruca,https://live.staticflickr.com/65535/49806444226_901f1cf749.jpg,https://live.staticflickr.com/65535/49806757067_ed0e912397.jpg,https://live.staticflickr.com/65535/49806509677_8e057cbbb3.jpg,https://live.staticflickr.com/65535/49806406352_a4d127f431.jpg,https://live.staticflickr.com/65535/49804479913_466493ebcf.jpg,https://live.staticflickr.com/65535/49800462173_0ebdc24eea.jpg
34,Loxia curvirostra,https://live.staticflickr.com/65535/49801994353_12ba1eb6a4.jpg,https://live.staticflickr.com/65535/49793849562_b26b88497d.jpg,https://live.staticflickr.com/65535/49792981728_bbaa940c93.jpg,https://live.staticflickr.com/65535/49791172898_ebbcd9d8c7.jpg,https://live.staticflickr.com/65535/49791719361_71e3d7c1cf.jpg,https://live.staticflickr.com/65535/49792028517_4be6568ca7.jpg
35,Emberiza hortulana,https://live.staticflickr.com/65535/49801938488_0dc82b3991.jpg,https://live.staticflickr.com/65535/49801937673_c3731c0b34.jpg,https://live.staticflickr.com/65535/49787760631_3c5a5b9a9a.jpg,https://live.staticflickr.com/65535/49686105681_5f28f0c808.jpg,https://live.staticflickr.com/65535/49682856467_fefcaedb30.jpg,https://live.staticflickr.com/65535/49682851552_2b65234ddf.jpg
36,Carpodacus erythrinus,https://live.staticflickr.com/65535/49730886552_a64ecf8a31.jpg,https://live.staticflickr.com/65535/49727869046_f3fff51be0.jpg,https://live.staticflickr.com/65535/49711004108_608041ea9a.jpg,https://live.staticflickr.com/65535/49569388051_10b9009c38.jpg,https://live.staticflickr.com/65535/49487786917_5f139c57f1.jpg,https://live.staticflickr.com/65535/49487786147_e5e752472a.jpg
37,Athene noctua,https://live.staticflickr.com/65535/49804531966_18fd8f2cda.jpg,https://live.staticflickr.com/65535/49797370971_6eee04a55f.jpg,https://live.staticflickr.com/65535/49796651303_542cee2bbd.jpg,https://live.staticflickr.com/65535/49797269992_4bd29d1d2c.jpg,https://live.staticflickr.com/65535/49801736618_f81b74c8dd.jpg,https://live.staticflickr.com/65535/49796815246_2d769a3e10.jpg
38,Crex crex,https://live.staticflickr.com/65535/49798466126_15aaa4a1c8.jpg,https://live.staticflickr.com/65535/49778472441_0410298379.jpg,https://live.staticflickr.com/65535/49778472381_ee89b93c7b.jpg,https://live.staticflickr.com/65535/49777939693_557fa87ddd.jpg,https://live.staticflickr.com/65535/49778803032_9c9a11817c.jpg,https://live.staticflickr.com/65535/49778472206_1e34040022.jpg
39,Acrocephalus schoenobaenus,https://live.staticflickr.com/65535/49806244238_d04b21af50.jpg,https://live.staticflickr.com/65535/49807108497_a9706c12e6.jpg,https://live.staticflickr.com/65535/49805636388_9f629da2b2.jpg,https://live.staticflickr.com/65535/49804382378_806de3bb0a.jpg,https://live.staticflickr.com/65535/49804938856_2226db7b54.jpg,https://live.staticflickr.com/65535/49804384868_5a05e326d8.jpg
40,Acrocephalus palustris,https://live.staticflickr.com/65535/49561292226_6876bfbbd9.jpg,https://live.staticflickr.com/65535/49561528142_a25c064914.jpg,https://live.staticflickr.com/65535/49561291481_3db60991cd.jpg,https://live.staticflickr.com/65535/49561515827_9689910c4e.jpg,https://live.staticflickr.com/65535/49560774143_280a62f25f.jpg,https://live.staticflickr.com/65535/49560773648_f02e2f1d33.jpg
41,Periparus ater,https://live.staticflickr.com/65535/49805108233_3e03f179bb.jpg,https://live.staticflickr.com/65535/49801358507_a1a4719a16.jpg,https://live.staticflickr.com/65535/49799018472_2928bc9c0c.jpg,https://live.staticflickr.com/65535/49789188501_a8f4c1e86f.jpg,https://live.staticflickr.com/65535/49786054871_f058ca9fc6.jpg,https://live.staticflickr.com/65535/49776517731_e3e2505809.jpg
42,Phylloscopus sibilatrix,https://live.staticflickr.com/65535/49798514963_cd50846dba.jpg,https://live.staticflickr.com/65535/49797685237_333f81fd12.jpg,https://live.staticflickr.com/65535/49787761651_549cff6f9e.jpg,https://live.staticflickr.com/65535/49785447181_d9f05066fa.jpg,https://live.staticflickr.com/65535/49780472351_abbd36f4dd.jpg,https://live.staticflickr.com/65535/49777891898_2b91904830.jpg
43,Emberiza schoeniclus,https://live.staticflickr.com/65535/49806168602_1ab6619b33.jpg,https://live.staticflickr.com/65535/49804784963_9ac178904f.jpg,https://live.staticflickr.com/65535/49805238592_b988a6c084.jpg,https://live.staticflickr.com/65535/49804330268_ccfca33d81.jpg,https://live.staticflickr.com/65535/49805192302_7a7be66b32.jpg,https://live.staticflickr.com/65535/49804270573_6223ec3afb.jpg
44,Hippolais icterina,https://live.staticflickr.com/65535/49510322291_6efeb96cfd.jpg,https://live.staticflickr.com/65535/49510552627_12aa43fa1c.jpg,https://live.staticflickr.com/65535/49690157006_11bcba8e9a.jpg,https://live.staticflickr.com/65535/49682011036_6f497fdfa8.jpg,https://live.staticflickr.com/65535/49463225623_1d8bd46c92.jpg,https://live.staticflickr.com/65535/49168076408_dc8e744574.jpg
45,Pyrrhula pyrrhula,https://live.staticflickr.com/65535/49805358478_bc1b366a3a.jpg,https://live.staticflickr.com/65535/49805091087_7191f737c3.jpg,https://live.staticflickr.com/65535/49804684661_226445a63b.jpg,https://live.staticflickr.com/65535/49804130468_3f61b9c23b.jpg,https://live.staticflickr.com/65535/49804130263_02c21acb78.jpg,https://live.staticflickr.com/65535/49804991842_ebfe7b5e6a.jpg
46,Caprimulgus europaeus,https://live.staticflickr.com/65535/49750067608_01db586f34.jpg,https://live.staticflickr.com/65535/49749057628_882e007a24.jpg,https://live.staticflickr.com/65535/49738870668_b9009ac3f7.jpg,https://live.staticflickr.com/65535/49708667733_cdea3e2bec.jpg,https://live.staticflickr.com/65535/49648021143_7851280913.jpg,https://live.staticflickr.com/65535/49727646581_6af140eaae.jpg
47,Ficedula hypoleuca,https://live.staticflickr.com/65535/49806539602_4074fbf466.jpg,https://live.staticflickr.com/65535/49805672588_e999848fc3.jpg,https://live.staticflickr.com/65535/49806538902_06466b861d.jpg,https://live.staticflickr.com/65535/49804880206_04eef0f1c4.jpg,https://live.staticflickr.com/65535/49804880041_b5d5c32a48.jpg,https://live.staticflickr.com/65535/49804325378_2067bff316.jpg
48,Glaucidium passerinum,https://live.staticflickr.com/65535/49768001443_3f73721dde.jpg,https://live.staticflickr.com/65535/49768001343_e695141a1a.jpg,https://live.staticflickr.com/65535/49768001383_1dab9f6834.jpg,https://live.staticflickr.com/65535/49738943996_cbae0f6179.jpg,https://live.staticflickr.com/65535/49721969037_74fd0b591b.jpg,https://live.staticflickr.com/65535/49721651001_a4a5cc79c7.jpg
